{
    "teammates": {
        "MoJoFM": 0.8101999999999999,
        "a2a": 0.8799392097264438,
        "ARI": 0.32548187636167336,
        "a2a_adj": 0.5190247959727154,
        "c2c_cvg": 0.09090909090909091
    },
    "average": {
        "MoJoFM": 0.8101999999999999,
        "a2a": 0.8799392097264438,
        "ARI": 0.32548187636167336,
        "a2a_adj": 0.5190247959727154,
        "c2c_cvg": 0.09090909090909091
    }
}