{
    "teammates": {
        "MoJoFM": 0.8502,
        "a2a": 0.8841756919374248,
        "ARI": 0.34441246778793233,
        "a2a_adj": 0.5682275055308197,
        "c2c_cvg": 0.05128205128205128
    },
    "average": {
        "MoJoFM": 0.8502,
        "a2a": 0.8841756919374248,
        "ARI": 0.34441246778793233,
        "a2a_adj": 0.5682275055308197,
        "c2c_cvg": 0.05128205128205128
    }
}