{
    "teammates": {
        "MoJoFM": 0.7503,
        "a2a": 0.8744654856444716,
        "ARI": 0.23773730989948424,
        "a2a_adj": 0.46922529529122226,
        "c2c_cvg": 0.14285714285714285
    },
    "average": {
        "MoJoFM": 0.7503,
        "a2a": 0.8744654856444716,
        "ARI": 0.23773730989948424,
        "a2a_adj": 0.46922529529122226,
        "c2c_cvg": 0.14285714285714285
    }
}