{
    "teammates": {
        "MoJoFM": 0.8564,
        "a2a": 0.9004276114844227,
        "ARI": 0.3950587150256472,
        "a2a_adj": 0.5788138450666976,
        "c2c_cvg": 0.2857142857142857
    },
    "average": {
        "MoJoFM": 0.8564,
        "a2a": 0.9004276114844227,
        "ARI": 0.3950587150256472,
        "a2a_adj": 0.5788138450666976,
        "c2c_cvg": 0.2857142857142857
    }
}