{
    "teammates": {
        "MoJoFM": 0.8514,
        "a2a": 0.8761961722488039,
        "ARI": 0.3252026691112997,
        "a2a_adj": 0.5520909518944279,
        "c2c_cvg": 0.061224489795918366
    },
    "average": {
        "MoJoFM": 0.8514,
        "a2a": 0.8761961722488039,
        "ARI": 0.3252026691112997,
        "a2a_adj": 0.5520909518944279,
        "c2c_cvg": 0.061224489795918366
    }
}