{
    "teammates": {
        "MoJoFM": 0.7703,
        "a2a": 0.8697758933979407,
        "ARI": 0.27014275589811265,
        "a2a_adj": 0.48849321178890176,
        "c2c_cvg": 0.07142857142857142
    },
    "average": {
        "MoJoFM": 0.7703,
        "a2a": 0.8697758933979407,
        "ARI": 0.27014275589811265,
        "a2a_adj": 0.48849321178890176,
        "c2c_cvg": 0.07142857142857142
    }
}