{
    "teammates": {
        "MoJoFM": 0.7928000000000001,
        "a2a": 0.8782794386821232,
        "ARI": 0.3284501941379737,
        "a2a_adj": 0.4936441945543662,
        "c2c_cvg": 0.125
    },
    "average": {
        "MoJoFM": 0.7928000000000001,
        "a2a": 0.8782794386821232,
        "ARI": 0.3284501941379737,
        "a2a_adj": 0.4936441945543662,
        "c2c_cvg": 0.125
    }
}