{
    "teammates": {
        "MoJoFM": 0.8452,
        "a2a": 0.8887545344619106,
        "ARI": 0.34548718562589736,
        "a2a_adj": 0.5722707142840898,
        "c2c_cvg": 0.0967741935483871
    },
    "average": {
        "MoJoFM": 0.8452,
        "a2a": 0.8887545344619106,
        "ARI": 0.34548718562589736,
        "a2a_adj": 0.5722707142840898,
        "c2c_cvg": 0.0967741935483871
    }
}