{
    "teammates": {
        "MoJoFM": 0.8602,
        "a2a": 0.9034229828850856,
        "ARI": 0.39909475343597184,
        "a2a_adj": 0.5874605028721238,
        "c2c_cvg": 0.3076923076923077
    },
    "average": {
        "MoJoFM": 0.8602,
        "a2a": 0.9034229828850856,
        "ARI": 0.39909475343597184,
        "a2a_adj": 0.5874605028721238,
        "c2c_cvg": 0.3076923076923077
    }
}