{
    "teammates": {
        "MoJoFM": 0.8564,
        "a2a": 0.8913971934106162,
        "ARI": 0.3699432919762741,
        "a2a_adj": 0.5471564466936244,
        "c2c_cvg": 0.1875
    },
    "average": {
        "MoJoFM": 0.8564,
        "a2a": 0.8913971934106162,
        "ARI": 0.3699432919762741,
        "a2a_adj": 0.5471564466936244,
        "c2c_cvg": 0.1875
    }
}