{
    "teammates": {
        "MoJoFM": 0.8215,
        "a2a": 0.8791309669522643,
        "ARI": 0.37229811931709295,
        "a2a_adj": 0.47061341263624384,
        "c2c_cvg": 0.2727272727272727
    },
    "average": {
        "MoJoFM": 0.8215,
        "a2a": 0.8791309669522643,
        "ARI": 0.37229811931709295,
        "a2a_adj": 0.47061341263624384,
        "c2c_cvg": 0.2727272727272727
    }
}