{
    "teammates": {
        "MoJoFM": 0.7703,
        "a2a": 0.8766074709124311,
        "ARI": 0.3645442335168766,
        "a2a_adj": 0.4552904983358706,
        "c2c_cvg": 0.2
    },
    "average": {
        "MoJoFM": 0.7703,
        "a2a": 0.8766074709124311,
        "ARI": 0.3645442335168766,
        "a2a_adj": 0.4552904983358706,
        "c2c_cvg": 0.2
    }
}