{
    "teammates": {
        "MoJoFM": 0.794,
        "a2a": 0.882118799755052,
        "ARI": 0.337748538385826,
        "a2a_adj": 0.4799250935694878,
        "c2c_cvg": 0.2
    },
    "average": {
        "MoJoFM": 0.794,
        "a2a": 0.882118799755052,
        "ARI": 0.337748538385826,
        "a2a_adj": 0.4799250935694878,
        "c2c_cvg": 0.2
    }
}