{
    "teammates": {
        "MoJoFM": 0.7765000000000001,
        "a2a": 0.8720219914477703,
        "ARI": 0.27148708117925635,
        "a2a_adj": 0.45603351324635094,
        "c2c_cvg": 0.14285714285714285
    },
    "average": {
        "MoJoFM": 0.7765000000000001,
        "a2a": 0.8720219914477703,
        "ARI": 0.27148708117925635,
        "a2a_adj": 0.45603351324635094,
        "c2c_cvg": 0.14285714285714285
    }
}