{
    "teammates": {
        "MoJoFM": 0.8664000000000001,
        "a2a": 0.8987767584097859,
        "ARI": 0.4245060119043969,
        "a2a_adj": 0.5627179318073312,
        "c2c_cvg": 0.25
    },
    "average": {
        "MoJoFM": 0.8664000000000001,
        "a2a": 0.8987767584097859,
        "ARI": 0.4245060119043969,
        "a2a_adj": 0.5627179318073312,
        "c2c_cvg": 0.25
    }
}