{
    "teammates": {
        "MoJoFM": 0.7928000000000001,
        "a2a": 0.8872938301771534,
        "ARI": 0.3526221750641165,
        "a2a_adj": 0.5246744774036368,
        "c2c_cvg": 0.14285714285714285
    },
    "average": {
        "MoJoFM": 0.7928000000000001,
        "a2a": 0.8872938301771534,
        "ARI": 0.3526221750641165,
        "a2a_adj": 0.5246744774036368,
        "c2c_cvg": 0.14285714285714285
    }
}