{
    "teammates": {
        "MoJoFM": 0.7265999999999999,
        "a2a": 0.8487672880336741,
        "ARI": 0.23488118104842837,
        "a2a_adj": 0.42599186136422845,
        "c2c_cvg": 0.025
    },
    "average": {
        "MoJoFM": 0.7265999999999999,
        "a2a": 0.8487672880336741,
        "ARI": 0.23488118104842837,
        "a2a_adj": 0.42599186136422845,
        "c2c_cvg": 0.025
    }
}