{
    "teammates": {
        "MoJoFM": 0.8277,
        "a2a": 0.8775137111517367,
        "ARI": 0.33326248431059896,
        "a2a_adj": 0.49494610064475575,
        "c2c_cvg": 0.1111111111111111
    },
    "average": {
        "MoJoFM": 0.8277,
        "a2a": 0.8775137111517367,
        "ARI": 0.33326248431059896,
        "a2a_adj": 0.49494610064475575,
        "c2c_cvg": 0.1111111111111111
    }
}