{
    "teammates": {
        "MoJoFM": 0.8477,
        "a2a": 0.8878419452887538,
        "ARI": 0.3671639816498519,
        "a2a_adj": 0.5495730184387801,
        "c2c_cvg": 0.13636363636363635
    },
    "average": {
        "MoJoFM": 0.8477,
        "a2a": 0.8878419452887538,
        "ARI": 0.3671639816498519,
        "a2a_adj": 0.5495730184387801,
        "c2c_cvg": 0.13636363636363635
    }
}