{
    "teammates": {
        "MoJoFM": 0.809,
        "a2a": 0.8858363858363858,
        "ARI": 0.3410289621702938,
        "a2a_adj": 0.5225079072093307,
        "c2c_cvg": 0.13333333333333333
    },
    "average": {
        "MoJoFM": 0.809,
        "a2a": 0.8858363858363858,
        "ARI": 0.3410289621702938,
        "a2a_adj": 0.5225079072093307,
        "c2c_cvg": 0.13333333333333333
    }
}