{
    "teammates": {
        "MoJoFM": 0.8001999999999999,
        "a2a": 0.8855569155446756,
        "ARI": 0.3533938946028119,
        "a2a_adj": 0.5017471188629983,
        "c2c_cvg": 0.18181818181818182
    },
    "average": {
        "MoJoFM": 0.8001999999999999,
        "a2a": 0.8855569155446756,
        "ARI": 0.3533938946028119,
        "a2a_adj": 0.5017471188629983,
        "c2c_cvg": 0.18181818181818182
    }
}