{
    "teammates": {
        "MoJoFM": 0.8301999999999999,
        "a2a": 0.8886850152905199,
        "ARI": 0.3738422107521192,
        "a2a_adj": 0.5184550701503746,
        "c2c_cvg": 0.25
    },
    "average": {
        "MoJoFM": 0.8301999999999999,
        "a2a": 0.8886850152905199,
        "ARI": 0.3738422107521192,
        "a2a_adj": 0.5184550701503746,
        "c2c_cvg": 0.25
    }
}