{
    "teammates": {
        "MoJoFM": 0.8065000000000001,
        "a2a": 0.8800489596083232,
        "ARI": 0.3147761685302917,
        "a2a_adj": 0.4746751105754928,
        "c2c_cvg": 0.18181818181818182
    },
    "average": {
        "MoJoFM": 0.8065000000000001,
        "a2a": 0.8800489596083232,
        "ARI": 0.3147761685302917,
        "a2a_adj": 0.4746751105754928,
        "c2c_cvg": 0.18181818181818182
    }
}