{
    "teammates": {
        "MoJoFM": 0.7116,
        "a2a": 0.8703030303030304,
        "ARI": 0.19987663240775236,
        "a2a_adj": 0.4934598814973624,
        "c2c_cvg": 0.07407407407407407
    },
    "average": {
        "MoJoFM": 0.7116,
        "a2a": 0.8703030303030304,
        "ARI": 0.19987663240775236,
        "a2a_adj": 0.4934598814973624,
        "c2c_cvg": 0.07407407407407407
    }
}