{
    "teammates": {
        "MoJoFM": 0.7378,
        "a2a": 0.8692590324556032,
        "ARI": 0.3104348812742473,
        "a2a_adj": 0.42517705689534585,
        "c2c_cvg": 0.1
    },
    "average": {
        "MoJoFM": 0.7378,
        "a2a": 0.8692590324556032,
        "ARI": 0.3104348812742473,
        "a2a_adj": 0.42517705689534585,
        "c2c_cvg": 0.1
    }
}