{
    "teammates": {
        "MoJoFM": 0.7853,
        "a2a": 0.8864749082007344,
        "ARI": 0.30939649760421584,
        "a2a_adj": 0.5058088168022472,
        "c2c_cvg": 0.18181818181818182
    },
    "average": {
        "MoJoFM": 0.7853,
        "a2a": 0.8864749082007344,
        "ARI": 0.30939649760421584,
        "a2a_adj": 0.5058088168022472,
        "c2c_cvg": 0.18181818181818182
    }
}