{
    "teammates": {
        "MoJoFM": 0.8365,
        "a2a": 0.8861838101034692,
        "ARI": 0.37012920313433373,
        "a2a_adj": 0.5397479016726526,
        "c2c_cvg": 0.1
    },
    "average": {
        "MoJoFM": 0.8365,
        "a2a": 0.8861838101034692,
        "ARI": 0.37012920313433373,
        "a2a_adj": 0.5397479016726526,
        "c2c_cvg": 0.1
    }
}