{
    "teammates": {
        "MoJoFM": 0.8227,
        "a2a": 0.8895348837209303,
        "ARI": 0.34999201762962323,
        "a2a_adj": 0.5193478099330772,
        "c2c_cvg": 0.2727272727272727
    },
    "average": {
        "MoJoFM": 0.8227,
        "a2a": 0.8895348837209303,
        "ARI": 0.34999201762962323,
        "a2a_adj": 0.5193478099330772,
        "c2c_cvg": 0.2727272727272727
    }
}