{
    "teammates": {
        "MoJoFM": 0.8714,
        "a2a": 0.8962895377128954,
        "ARI": 0.3714848777376589,
        "a2a_adj": 0.5823527008183573,
        "c2c_cvg": 0.19047619047619047
    },
    "average": {
        "MoJoFM": 0.8714,
        "a2a": 0.8962895377128954,
        "ARI": 0.3714848777376589,
        "a2a_adj": 0.5823527008183573,
        "c2c_cvg": 0.19047619047619047
    }
}