{
    "teammates": {
        "MoJoFM": 0.8652,
        "a2a": 0.8999388004895961,
        "ARI": 0.4152344918211278,
        "a2a_adj": 0.5626785659258868,
        "c2c_cvg": 0.36363636363636365
    },
    "average": {
        "MoJoFM": 0.8652,
        "a2a": 0.8999388004895961,
        "ARI": 0.4152344918211278,
        "a2a_adj": 0.5626785659258868,
        "c2c_cvg": 0.36363636363636365
    }
}