{
    "teammates": {
        "MoJoFM": 0.8390000000000001,
        "a2a": 0.8942542787286063,
        "ARI": 0.3887456757076187,
        "a2a_adj": 0.5501923575666855,
        "c2c_cvg": 0.23076923076923078
    },
    "average": {
        "MoJoFM": 0.8390000000000001,
        "a2a": 0.8942542787286063,
        "ARI": 0.3887456757076187,
        "a2a_adj": 0.5501923575666855,
        "c2c_cvg": 0.23076923076923078
    }
}