{
    "teammates": {
        "MoJoFM": 0.8127,
        "a2a": 0.8701456310679612,
        "ARI": 0.2855267454509342,
        "a2a_adj": 0.4853258088341933,
        "c2c_cvg": 0.08
    },
    "average": {
        "MoJoFM": 0.8127,
        "a2a": 0.8701456310679612,
        "ARI": 0.2855267454509342,
        "a2a_adj": 0.4853258088341933,
        "c2c_cvg": 0.08
    }
}