{
    "teammates": {
        "MoJoFM": 0.8277,
        "a2a": 0.8806609547123623,
        "ARI": 0.3546532183017312,
        "a2a_adj": 0.47738290920165877,
        "c2c_cvg": 0.2727272727272727
    },
    "average": {
        "MoJoFM": 0.8277,
        "a2a": 0.8806609547123623,
        "ARI": 0.3546532183017312,
        "a2a_adj": 0.47738290920165877,
        "c2c_cvg": 0.2727272727272727
    }
}