{
    "teammates": {
        "MoJoFM": 0.7865000000000001,
        "a2a": 0.8923547400611621,
        "ARI": 0.351156399093562,
        "a2a_adj": 0.5372257950934448,
        "c2c_cvg": 0.25
    },
    "average": {
        "MoJoFM": 0.7865000000000001,
        "a2a": 0.8923547400611621,
        "ARI": 0.351156399093562,
        "a2a_adj": 0.5372257950934448,
        "c2c_cvg": 0.25
    }
}