{
    "teammates": {
        "MoJoFM": 0.7441,
        "a2a": 0.8651960784313726,
        "ARI": 0.2826318233480232,
        "a2a_adj": 0.3978525070269536,
        "c2c_cvg": 0.1111111111111111
    },
    "average": {
        "MoJoFM": 0.7441,
        "a2a": 0.8651960784313726,
        "ARI": 0.2826318233480232,
        "a2a_adj": 0.3978525070269536,
        "c2c_cvg": 0.1111111111111111
    }
}