{
    "teammates": {
        "MoJoFM": 0.8265,
        "a2a": 0.8883792048929664,
        "ARI": 0.4078726988600698,
        "a2a_adj": 0.51978891019828,
        "c2c_cvg": 0.25
    },
    "average": {
        "MoJoFM": 0.8265,
        "a2a": 0.8883792048929664,
        "ARI": 0.4078726988600698,
        "a2a_adj": 0.51978891019828,
        "c2c_cvg": 0.25
    }
}