{
    "teammates": {
        "MoJoFM": 0.7965000000000001,
        "a2a": 0.8704259148170366,
        "ARI": 0.2799110553599284,
        "a2a_adj": 0.5207497232947778,
        "c2c_cvg": 0.045454545454545456
    },
    "average": {
        "MoJoFM": 0.7965000000000001,
        "a2a": 0.8704259148170366,
        "ARI": 0.2799110553599284,
        "a2a_adj": 0.5207497232947778,
        "c2c_cvg": 0.045454545454545456
    }
}