{
    "teammates": {
        "MoJoFM": 0.8664000000000001,
        "a2a": 0.9057527539779682,
        "ARI": 0.418075932831414,
        "a2a_adj": 0.5884026528744636,
        "c2c_cvg": 0.36363636363636365
    },
    "average": {
        "MoJoFM": 0.8664000000000001,
        "a2a": 0.9057527539779682,
        "ARI": 0.418075932831414,
        "a2a_adj": 0.5884026528744636,
        "c2c_cvg": 0.36363636363636365
    }
}