{
    "teammates": {
        "MoJoFM": 0.8377,
        "a2a": 0.8750752558699578,
        "ARI": 0.3054426685141543,
        "a2a_adj": 0.529266460103872,
        "c2c_cvg": 0.05263157894736842
    },
    "average": {
        "MoJoFM": 0.8377,
        "a2a": 0.8750752558699578,
        "ARI": 0.3054426685141543,
        "a2a_adj": 0.529266460103872,
        "c2c_cvg": 0.05263157894736842
    }
}