{
    "teammates": {
        "MoJoFM": 0.8290000000000001,
        "a2a": 0.8888548683404777,
        "ARI": 0.3472272614452836,
        "a2a_adj": 0.5100340432994644,
        "c2c_cvg": 0.3
    },
    "average": {
        "MoJoFM": 0.8290000000000001,
        "a2a": 0.8888548683404777,
        "ARI": 0.3472272614452836,
        "a2a_adj": 0.5100340432994644,
        "c2c_cvg": 0.3
    }
}