{
    "teastore": {
        "MoJoFM": 0.9565,
        "a2a": 0.919672131147541,
        "ARI": 0.5000508086289774,
        "a2a_adj": 0.6744280864359501,
        "c2c_cvg": 0.45454545454545453
    },
    "average": {
        "MoJoFM": 0.9565,
        "a2a": 0.919672131147541,
        "ARI": 0.5000508086289774,
        "a2a_adj": 0.6744280864359501,
        "c2c_cvg": 0.45454545454545453
    }
}