{
    "teammates": {
        "MoJoFM": 0.804,
        "a2a": 0.8845682792406614,
        "ARI": 0.31813460210059147,
        "a2a_adj": 0.49087380256220664,
        "c2c_cvg": 0.2
    },
    "average": {
        "MoJoFM": 0.804,
        "a2a": 0.8845682792406614,
        "ARI": 0.31813460210059147,
        "a2a_adj": 0.49087380256220664,
        "c2c_cvg": 0.2
    }
}