{
    "teammates": {
        "MoJoFM": 0.8864,
        "a2a": 0.9050826699326393,
        "ARI": 0.442260787020673,
        "a2a_adj": 0.5798365548385949,
        "c2c_cvg": 0.4
    },
    "average": {
        "MoJoFM": 0.8864,
        "a2a": 0.9050826699326393,
        "ARI": 0.442260787020673,
        "a2a_adj": 0.5798365548385949,
        "c2c_cvg": 0.4
    }
}