{
    "teammates": {
        "MoJoFM": 0.8664000000000001,
        "a2a": 0.9067278287461774,
        "ARI": 0.4200593160617241,
        "a2a_adj": 0.6002668404836558,
        "c2c_cvg": 0.4166666666666667
    },
    "average": {
        "MoJoFM": 0.8664000000000001,
        "a2a": 0.9067278287461774,
        "ARI": 0.4200593160617241,
        "a2a_adj": 0.6002668404836558,
        "c2c_cvg": 0.4166666666666667
    }
}