{
    "teammates": {
        "MoJoFM": 0.8301999999999999,
        "a2a": 0.8850855745721271,
        "ARI": 0.35956646009323623,
        "a2a_adj": 0.5076193361787891,
        "c2c_cvg": 0.23076923076923078
    },
    "average": {
        "MoJoFM": 0.8301999999999999,
        "a2a": 0.8850855745721271,
        "ARI": 0.35956646009323623,
        "a2a_adj": 0.5076193361787891,
        "c2c_cvg": 0.23076923076923078
    }
}