{
    "teammates": {
        "MoJoFM": 0.7528,
        "a2a": 0.8636085626911315,
        "ARI": 0.2679405144827704,
        "a2a_adj": 0.40846856542702786,
        "c2c_cvg": 0.16666666666666666
    },
    "average": {
        "MoJoFM": 0.7528,
        "a2a": 0.8636085626911315,
        "ARI": 0.2679405144827704,
        "a2a_adj": 0.40846856542702786,
        "c2c_cvg": 0.16666666666666666
    }
}